area_m2,rooms,age,floor,building_type,district,price
114.90142459033697,2,19,8,detached,B,1201237.8947498847
95.85207096486447,4,47,6,studio,B,955379.5788432725
119.43065614302077,3,18,10,apartment,A,1566599.4502561383
145.69089569224076,1,22,5,duplex,E,411946.6892903225
92.97539875829992,1,23,14,apartment,A,1056576.9791998665
92.97589129152459,2,10,4,apartment,A,1146785.5906260305
147.37638446522175,3,45,10,apartment,E,418809.0359805693
123.02304187458726,3,33,8,detached,C,1064039.6756104412
85.91576842195144,3,27,1,duplex,B,934421.9803315361
116.27680130757894,3,4,13,duplex,C,909802.554456035
86.09746921562613,3,4,12,detached,D,500583.58465777646
86.0281073928923,2,20,10,duplex,D,470415.6395782717
107.25886814698103,2,11,13,apartment,D,555995.251433056
42.601592660266064,3,49,11,duplex,E,173377.1152736376
48.252465024609016,1,3,1,detached,A,551518.1643871458
83.13137412277082,2,48,10,apartment,C,529546.8429168898
69.61506638996728,3,41,11,detached,B,722735.9696926322
109.42741997785822,3,19,14,studio,D,537787.6333019468
72.75927773436368,5,37,8,apartment,C,427579.4495228981
57.63088895994125,4,24,11,apartment,D,241735.8215319716
143.96946306764661,3,13,2,duplex,D,763414.1205928382
93.22671098540393,3,10,7,apartment,B,868276.1888259744
102.02584614063771,3,31,10,detached,E,358354.0595111346
57.257554413596296,3,10,14,duplex,A,762721.2641330424
83.66851826424451,2,17,8,studio,E,302331.3028323755
103.32767769129599,3,26,7,detached,C,902644.4886611208
65.47019267733091,4,17,3,studio,E,255406.51070608644
111.27094055037016,2,22,11,studio,C,793902.597988524
81.98083930243585,3,10,0,studio,C,566032.8475703804
91.2491875062017,3,20,3,apartment,A,1088140.633541594
81.9488016331181,2,43,13,detached,B,761062.6277465113
155.56834553526812,2,4,8,detached,A,2155005.596797783
99.59508325786199,2,22,1,apartment,E,347072.31425914576
68.26867213132299,1,40,2,duplex,C,571385.2702499151
124.67634736309567,1,24,9,studio,D,599142.7439202053
63.374690500869335,4,40,7,detached,D,434987.91198048316
106.26590785014267,2,9,5,apartment,C,616561.8928079389
41.20989628360673,3,21,7,studio,A,502372.33938335953
60.154418533047085,2,18,6,duplex,B,584810.624470503
105.90583707607371,4,0,13,duplex,A,1538515.4651154424
122.1539973998623,2,6,12,studio,C,891724.654845107
105.14104843569912,3,3,12,duplex,C,876648.8440989136
96.53055152835279,4,0,4,detached,B,1090207.6238684012
90.96688913232134,4,14,8,detached,E,377057.90412311966
55.644340288977176,2,39,3,detached,E,269166.24053942773
78.40467374815874,4,11,5,duplex,B,720892.292708518
86.18083687120638,3,21,1,detached,E,338559.4076414329
131.71366678656747,3,21,14,apartment,D,744558.4765148156
110.30854868705384,2,49,1,detached,E,280819.82031070336
47.10879533911798,1,46,1,detached,E,177971.23660857213
109.72251908184384,3,16,9,duplex,E,359226.1509068189
88.4475315875105,3,28,6,detached,D,543964.1030702874
79.69233999082124,3,45,12,studio,E,217559.05092519236
118.35028866522603,3,13,1,apartment,D,673209.0271535813
130.92998567487854,3,49,14,duplex,B,1298838.7641201192
127.93840357348596,2,19,14,apartment,A,1588050.6856996922
74.82347430332084,3,49,11,studio,B,710677.7605431046
90.72362872446357,2,47,14,duplex,A,1154012.2749599773
109.93790294210692,3,32,12,duplex,B,1139878.1986466348
129.26635381367078,3,42,1,detached,A,1772547.2297280198
85.6247728646413,5,14,14,apartment,A,1103703.6790676943
94.43023070008549,1,11,8,studio,C,640181.8968261085
66.80995077981916,1,39,6,studio,A,827215.0026772686
64.11380127757988,2,19,10,duplex,A,884868.2904009254
124.37577467182594,2,29,2,detached,C,1006013.9086779616
140.68720085712468,2,37,2,duplex,E,431632.1739707284
97.83969635258998,4,2,6,duplex,E,324321.42347201105
130.10598693676073,2,27,4,duplex,C,1015748.9203775926
110.84908075142903,2,25,9,duplex,D,586305.3994752718
80.64640736184627,3,29,13,studio,A,899357.080463464
110.84186816525242,3,12,13,studio,A,1297600.9909332164
146.1410969939791,3,12,5,duplex,C,1243980.2121307247
98.92521882670145,1,1,12,duplex,C,728175.365716129
146.9393096744202,3,36,11,detached,D,924309.1695034362
21.40764687730767,1,48,7,duplex,E,30000.0
124.65707513125672,1,37,8,studio,B,1165392.5579393513
102.61141204714514,4,1,0,apartment,E,425692.4370151543
91.02977948602398,2,35,2,studio,A,1053572.5824872549
102.75282329606507,3,25,10,detached,C,759386.4441929435
40.372932561973215,3,10,6,studio,D,141698.63895835006
93.40984336487465,2,7,5,apartment,E,256296.45489683858
110.7133771453524,4,43,6,duplex,D,745755.2955773154
144.33682134224549,1,39,7,apartment,E,392982.36028060946
84.45189345179058,3,42,5,duplex,A,1142927.1910673084
75.74519191320437,5,21,2,duplex,B,891494.2432508928
84.9472886924639,3,19,1,studio,D,460752.5116179039
127.46206353106223,4,7,11,studio,D,697604.8695813498
109.86253328979053,1,28,6,studio,B,1005895.9593053721
84.10719388698884,3,39,11,detached,D,521639.85262568516
115.39802299340069,2,25,11,studio,D,579516.7597168292
102.91232648044121,3,29,11,detached,E,348300.05919765
129.05934971598668,5,16,10,studio,E,463102.49369123287
78.93840718367943,2,19,0,duplex,B,847760.2209725834
90.17013560206695,3,15,2,detached,A,1370823.10065846
88.23675540603527,2,45,11,apartment,D,453297.6091086219
56.09455155603644,3,42,10,detached,A,833712.8682281014
108.88360831193728,3,6,3,detached,B,1182981.8813866915
107.83165816539668,5,15,12,apartment,B,1038618.4552683898
100.15340369927382,3,44,13,detached,E,391942.0966931289
92.96238599874559,2,46,0,duplex,D,567459.764708725
57.53887773848757,2,47,4,studio,C,354954.05236845574
87.38064031703922,2,26,9,apartment,B,720855.9277377076
89.71856450419692,2,22,2,studio,D,430942.4100391613
75.93168192335143,2,23,1,duplex,A,1022231.2985532242
95.16142865001973,4,8,14,apartment,E,384977.86683112074
112.12152570443615,3,34,2,studio,A,1318982.9172104595
156.5855770363159,3,19,7,studio,B,1315341.3671956025
105.23733438495518,2,36,5,duplex,B,1018577.1775775056
107.72651172168293,4,41,12,studio,A,1322522.4293772834
97.76662252701499,3,16,13,duplex,B,944975.8888468766
42.43686354102876,1,46,6,detached,D,179757.41892004973
99.20458373652349,3,30,11,duplex,B,1052989.5494959326
101.8069062982308,3,7,5,detached,E,397114.83020870114
173.89726337455858,1,14,5,apartment,D,879767.4228032588
94.22917105656633,3,30,11,studio,C,666820.0858154369
109.04642027000837,3,29,2,duplex,B,1069904.0401251668
98.9586469088427,2,45,11,duplex,B,958795.6929263356
64.93965887141404,4,19,12,studio,E,270262.9863232267
134.28468443545063,4,38,13,studio,E,369288.04273929104
122.55799098060322,3,11,7,apartment,A,1587704.4047588394
123.73095841129141,3,48,11,apartment,A,1529514.4257196172
72.71837635615783,3,16,6,duplex,A,968288.5626867478
142.08382932808297,3,41,6,apartment,E,486421.8438785739
57.944468116231576,3,29,5,detached,A,890076.113357651
117.60571281400811,1,28,4,apartment,A,1380751.6512879755
165.71366877429935,3,18,9,apartment,C,1180166.4419318424
70.28391024607936,4,45,7,duplex,A,1043671.3259218979
83.01106811191684,3,10,4,detached,B,1005363.3123042441
102.98954095262924,1,33,8,apartment,E,293940.40573629306
84.89573037651402,3,49,8,detached,D,448064.73231050686
53.48009706801602,2,6,0,detached,C,426534.67365130095
102.05688924418082,2,43,5,detached,E,402022.0551158839
68.13088858821686,2,33,6,studio,E,156381.90096396086
114.20777291905544,2,19,2,studio,B,1027955.7962835481
72.4172729729859,3,49,6,studio,A,899136.5197474123
146.49803215052617,3,37,10,studio,B,1293846.5550343522
76.50240122991289,2,23,10,duplex,A,1074003.424328654
90.33815451382974,4,9,6,apartment,A,1174256.2299261757
124.40551652109009,4,31,13,studio,E,518193.8450395349
63.07407050698134,4,14,12,duplex,A,929950.7754850424
106.82379803812388,2,36,10,apartment,C,701722.1044885654
139.21428262847286,3,19,1,studio,C,1031518.4314447696
51.77550296316318,5,2,6,apartment,C,490829.604417935
105.53901575596913,3,36,14,studio,E,390590.9879741747
107.7964838274527,1,39,0,duplex,B,1006893.082497245
123.45468615331932,1,7,4,detached,D,661022.5602638122
62.891478673657545,3,39,8,detached,A,834495.5497410236
60.38630160747171,4,43,6,apartment,D,420668.10774430184
115.65824696850693,3,22,6,duplex,B,1208060.5861803207
108.90954019699558,3,39,10,detached,B,1109727.8098284686
107.5147855103763,2,10,12,studio,E,343903.8034689849
110.39344628490927,3,45,11,detached,C,902607.8769234683
79.59925835264528,4,7,1,apartment,C,565065.7350202327
106.9676109148301,2,28,7,apartment,B,970517.6954313011
108.79217419896044,3,29,2,duplex,E,396598.93924259144
78.56945745920896,5,9,14,apartment,E,407771.02711022185
155.9732353343427,2,38,7,detached,A,2120796.2713256152
114.21498762735362,3,27,2,detached,C,864435.6841904296
64.26089508392054,2,48,9,detached,B,608052.5773507786
119.6966082590149,3,35,6,detached,D,669498.1263177245
70.75954989318035,3,12,1,duplex,C,560902.1753758439
123.61253811227357,3,31,3,studio,A,1455525.2708909258
134.75786737022213,3,35,10,studio,E,467879.70240161335
75.37953044944868,2,36,5,duplex,B,692655.713299068
128.90128387732966,4,25,10,apartment,C,950809.8855562692
112.38342780809495,3,21,8,studio,D,691426.7482165835
124.6618047998347,2,3,4,apartment,A,1542120.0711861975
156.9037894796184,3,30,12,studio,A,1930383.324341039
92.63835651991388,3,17,8,apartment,C,772834.3056766551
77.38791506927531,2,37,14,duplex,D,489566.0110928629
73.3145671112343,4,23,4,detached,A,1095772.2445026634
75.52569145103685,4,22,9,apartment,B,713194.8805621082
97.68694871757687,2,21,7,detached,A,1357870.448563071
110.23455924449931,5,1,12,apartment,D,627107.6028391862
108.30072397990057,2,30,12,apartment,E,309830.89456109627
124.81549747108072,2,10,0,apartment,E,400048.3180073884
100.39005675633722,2,27,6,apartment,C,726767.7821467434
143.6060223147195,4,45,3,apartment,D,693298.6882156862
92.06029500286132,3,31,4,detached,A,1380209.196037601
181.60507499768858,2,4,5,apartment,A,2217750.775625927
118.77002043295019,3,37,4,detached,E,421342.4223961473
74.28527330751152,3,9,11,duplex,E,295250.20085126086
67.87322505816664,1,39,0,studio,B,637877.4700814297
114.47417245729557,4,45,11,apartment,E,307588.1967425921
93.29611644022447,4,23,8,studio,B,882912.0116380078
121.42001482276277,3,34,1,detached,A,1642753.4158110095
114.19712873720634,5,43,8,duplex,B,1327751.7655471237
97.81513262029382,3,47,9,duplex,B,993429.1153293396
74.59618845794785,5,22,1,duplex,C,591403.3687462233
54.554583259424064,3,16,8,studio,E,375637.0888131418
86.60455143798937,3,0,5,detached,B,915556.1784441704
125.69196382970418,2,30,10,apartment,A,1502849.5700526396
106.42281232390611,4,30,8,apartment,D,570274.1496202624
62.62783663864036,3,41,12,detached,B,628225.4563814759
105.19542777553546,2,41,5,studio,E,327453.88420141354
111.5595213918651,1,33,5,apartment,C,653879.6414250544
73.48427691396601,3,8,12,detached,A,1109777.9405565956
104.61175317836583,3,21,10,apartment,C,705392.0287116998
101.74626155338,3,12,13,duplex,D,576238.3624280745
65.71089106508131,4,24,1,apartment,B,676974.0032700399
110.7336208104485,1,47,7,studio,B,962879.5363787308
116.82353579104704,3,17,2,detached,E,431088.8111242309
132.4915372952583,2,11,6,studio,B,1156319.963520836
131.6140615610471,4,39,4,detached,A,1967631.4604159724
58.669918961287266,4,16,2,duplex,D,406458.6733974095
71.86524880254632,3,14,0,detached,C,562326.0054470395
115.4510580162598,3,41,7,apartment,D,605664.4123841915
115.41357852736627,2,14,2,apartment,B,994048.807013731
115.45143058918144,3,14,1,duplex,C,1011396.7302361695
215.58194471964163,4,38,0,detached,E,800889.6073181909
117.12671532079501,3,12,3,duplex,D,632819.6078690193
134.06696920541796,2,16,12,apartment,C,985348.3212191216
128.62005290479607,3,31,7,studio,C,910936.5867311568
119.54173753917394,4,8,12,duplex,C,917659.9462755152
90.54192266078964,2,39,2,studio,A,1106055.3886244863
122.76907661479802,2,19,13,studio,D,641987.4747808848
76.81524356387285,3,25,0,detached,C,706874.3923175464
92.89544179779973,4,26,3,duplex,D,565850.1077337886
85.4390935651269,2,20,8,studio,C,613426.6693038158
102.45622418158968,2,17,12,studio,E,326875.32437202823
169.43975700020525,2,12,0,detached,E,680431.3113760595
43.98204422224756,2,15,11,detached,E,150609.37640305053
120.5878057112354,3,8,13,apartment,B,1144762.9998414053
51.61852386431045,3,11,10,studio,C,426666.93965095375
85.842044026317,3,43,1,apartment,B,808567.222198391
132.66851790902098,3,37,8,studio,D,667447.3592421263
101.92840057286388,2,18,1,apartment,B,934385.80552115
67.66765666212082,4,6,12,detached,D,449956.13773555215
78.54088872220095,3,34,2,duplex,D,555235.4059776954
120.38793246804028,5,47,6,detached,D,734317.4224196663
78.0890010484859,3,17,2,apartment,B,688672.0831237617
106.49375768745925,2,15,8,apartment,C,757646.219240561
101.36715519711441,3,38,5,duplex,B,1022799.9265799992
80.4519895718255,2,3,2,studio,C,591506.1030112099
164.31832267975977,3,24,8,apartment,C,1155355.9286482518
119.01757066954033,1,31,0,apartment,D,585106.5273443456
39.24572240027179,2,39,9,apartment,B,360191.85355100664
105.59362944308283,4,12,2,duplex,C,917770.431179738
80.14640605694836,2,44,0,detached,E,278855.4200819294
125.57300004388672,4,16,1,apartment,C,936134.7518387865
76.22437784701899,2,48,11,duplex,E,272957.7658805885
96.55790675599303,3,36,7,apartment,B,934403.9139630131
115.14961836941372,3,5,6,studio,B,1024662.7759433945
125.97265582510364,3,18,1,duplex,B,1218613.264675185
63.991107788326715,2,12,1,apartment,C,546711.7359874776
89.96496292477156,2,25,8,duplex,A,1230991.2825033925
85.75164066517132,1,13,12,apartment,C,582792.1528397291
80.40012302278865,2,30,12,detached,C,653956.0871651052
152.9636272084329,3,3,5,apartment,D,783690.0513756732
112.14945132882866,4,38,4,duplex,D,672486.0185306352
62.17348136994865,4,7,9,studio,C,443122.51011940616
127.53585841164329,3,24,5,studio,E,452615.92448942614
163.664685910379,3,12,8,studio,D,861096.0994833201
130.9739578165344,3,31,10,apartment,C,951899.0595174084
54.4189010213796,2,37,6,detached,A,708008.7149611122
85.47297781401247,4,37,14,apartment,E,324132.2882806692
138.00733447559867,3,27,9,studio,B,1225017.428123086
78.76991603143658,3,29,9,duplex,C,599970.8104466224
113.31458284438685,2,2,13,studio,C,816583.1760827955
123.2390216028801,3,27,8,duplex,E,561205.366270287
72.19208585265751,3,2,3,detached,D,468527.8003205211
98.214239318146,4,44,1,duplex,D,453538.2722664246
20.0,3,33,11,apartment,D,91374.93083196247
69.2683707599713,2,15,7,apartment,B,670101.7924507705
92.4229554582052,5,21,3,apartment,E,290345.81912540935
62.56650454105451,2,31,12,duplex,E,252974.5870427629
148.97233911794905,3,37,8,apartment,D,774302.7243279967
57.09575866118102,1,7,14,apartment,D,331545.1529354439
86.79866539909048,3,7,14,apartment,A,1050141.279326536
103.92221731858274,4,5,3,detached,A,1468412.4032498058
143.23819867198347,2,13,14,duplex,C,1146033.3876884985
56.92413546461682,4,31,7,duplex,C,486889.42432894156
134.8949125646488,2,34,8,studio,E,404283.5971046327
100.3069918305876,4,9,12,duplex,E,470511.56648839224
70.55474046856148,3,2,8,detached,B,805298.6102027006
113.86310422789812,4,11,9,duplex,B,1087698.5835214052
105.9717908672041,1,48,3,detached,A,1474764.1200932357
81.99349368523616,5,30,0,detached,C,769746.0641869071
102.09406254970057,3,28,14,duplex,A,1435487.1900172192
88.44059209414719,2,4,2,studio,A,1032302.1841510908
103.40552035753744,4,24,8,apartment,C,788078.9337632682
119.8639202356314,2,40,3,apartment,B,1084356.7831828415
147.58050448436057,4,30,4,duplex,C,1137988.2921555887
62.865535035194526,2,20,6,duplex,D,404098.77108889894
163.991001239688,3,19,4,detached,D,965945.9571627367
41.437366014324944,3,38,3,duplex,D,308642.13264140394
95.4464471489325,1,21,14,detached,E,280072.30341044336
117.6495161945373,2,3,1,studio,B,1004316.372210866
108.42975603205097,1,12,14,duplex,B,1054726.2756157476
81.31901440538219,3,44,1,apartment,E,273552.70234426897
93.75633248928175,2,41,12,apartment,A,1097866.1935104353
85.20997196023501,3,49,12,duplex,D,332482.00234338123
82.31905729167366,2,48,3,detached,D,487917.03667306196
125.48806291063073,2,19,9,apartment,A,1535305.7894536701
110.71046457895142,3,12,12,detached,C,964677.603787607
79.21271214218038,1,16,9,duplex,C,582113.2617172501
126.98799626299751,4,35,12,duplex,B,1282178.5763845802
109.21898562629828,4,32,14,apartment,E,443673.0455189694
124.3858635651688,3,0,8,duplex,B,1196649.8150040857
118.88886525770837,3,14,7,studio,C,852866.1671205766
75.13014967233784,4,12,2,studio,A,962676.8883746443
83.19456879409091,2,16,14,apartment,B,791052.2106475303
122.41880815369785,1,23,13,studio,D,609082.3998887052
118.31110796300395,2,7,8,detached,D,653164.2388641946
99.37295218107556,3,49,13,apartment,A,1266356.1235739496
103.51982149926346,1,26,4,apartment,C,711734.1211086896
138.32994687365274,3,44,10,detached,D,732697.0591989349
82.2528583349251,5,22,2,studio,D,490723.1242132952
116.41292143510114,4,45,4,studio,E,410502.6078663766
93.93422042698317,3,7,12,studio,B,979945.1815127543
93.46956390318338,1,7,9,apartment,C,671224.5147657982
132.96330555961572,4,25,12,apartment,B,1170068.4714357853
124.7624904696409,3,46,3,studio,C,817992.3687470685
124.40528908001916,2,12,7,duplex,D,762564.5628500188
139.16436421462987,1,38,12,studio,E,358352.94197643263
100.63011524898278,4,36,11,detached,B,1012342.6396197136
120.45858913884892,3,48,4,apartment,D,668318.4890821662
90.69199730219631,4,27,9,detached,C,759758.7876719468
109.72499057465326,4,24,11,detached,B,1238204.3506556416
96.09570836896947,3,15,7,apartment,B,851625.4000542547
102.90987894978154,3,1,8,duplex,D,683144.9509070925
117.8547107631074,3,17,3,studio,B,1135795.5822146304
75.45337950299583,2,16,6,detached,E,237979.8909552683
162.7716182705638,3,29,1,apartment,E,430795.3314669594
69.81947855500894,3,38,5,detached,D,540870.1946290085
63.57434161636804,3,12,7,studio,C,468510.0062149189
134.74332620500203,4,31,11,duplex,D,751901.7117737253
123.74988081888807,3,49,6,duplex,E,494740.02014380565
118.72359451156466,3,28,6,duplex,A,1643039.4402232755
118.8503652779284,3,45,7,apartment,A,1502844.2105007698
99.63259681459256,3,29,6,apartment,B,917267.9574554465
73.08236885542505,3,17,4,duplex,B,852218.1861848892
102.27413674581179,2,12,6,studio,A,1175758.7319221734
79.68514865463665,3,42,12,studio,E,230452.9698860339
129.25359200253254,2,20,13,apartment,B,1192776.2658085371
95.58827855493584,2,29,9,duplex,D,590191.0992640028
75.23508409622465,3,20,2,studio,D,439233.37150736473
90.3584247504102,3,47,4,studio,E,283431.98745889106
112.38794362826873,5,16,6,studio,B,1059734.0992924445
83.08826341588076,3,39,14,apartment,D,494616.8599973715
75.33338813300705,3,18,8,duplex,B,818120.3431806214
107.31061634475736,3,14,14,detached,B,1104888.6895336856
107.34899713326169,3,8,1,duplex,D,584806.0143297879
84.7917047388661,1,9,3,duplex,A,1087026.094831057
85.86885083145032,2,43,11,apartment,D,394156.16087628284
106.96149812072909,2,30,6,studio,E,377376.53998951067
56.55746975508028,3,22,0,studio,C,446688.90439646284
57.776086768703344,1,29,12,apartment,D,302269.79586367164
78.44667336242692,2,32,1,apartment,B,719603.5421016811
93.59658544864459,2,8,8,apartment,B,870307.804804669
109.32722696794013,5,46,12,apartment,D,524545.264072685
144.26068650848657,2,0,9,apartment,C,1069533.9884436445
125.72978869606058,3,43,6,detached,D,716047.2109727762
95.20184410109718,2,34,11,duplex,C,734696.4329259488
99.42951376291934,3,10,9,duplex,C,780448.6098677124
69.92411906086573,2,33,6,duplex,E,241893.17115844073
99.4446059202283,2,15,5,studio,B,936156.1496442544
91.34024083239585,3,8,2,detached,B,936328.7409891306
109.68155681014268,1,31,9,duplex,C,840135.4486502989
75.1830716934303,1,14,2,studio,B,647197.5163031799
115.58039542723517,2,11,1,detached,A,1677757.3956896453
145.98216739007734,1,32,10,detached,C,1101025.177341141
96.73719554629427,2,44,5,studio,B,818508.9464384458
112.05135166296824,2,13,3,detached,A,1543855.1420471212
120.70431975133337,4,7,4,studio,E,372330.7735033082
87.96338584342492,3,7,2,duplex,B,899768.4692005612
106.7227744543125,3,26,5,studio,A,1281279.0181459642
100.37777202345384,2,11,10,detached,D,598267.8080199502
102.93028295646495,4,0,11,duplex,D,682520.157651765
76.809706484336,2,42,2,duplex,A,1016352.105877449
100.73530522776828,1,39,13,apartment,C,693764.8646352018
114.9399487373635,3,41,14,apartment,C,771213.5110209394
143.53430823385125,2,10,13,detached,B,1496127.1125296038
128.7781247825562,2,38,7,studio,D,623802.9003323112
164.5954737253467,3,42,8,studio,C,1205250.364259451
76.97957311335851,4,30,3,detached,C,633207.2144024011
126.16961910162034,3,16,14,duplex,D,686100.1254333503
105.50026017215055,3,32,8,detached,E,407447.3574512868
165.6940879965302,5,31,11,detached,C,1507017.5610907148
75.75105143934546,2,28,6,duplex,A,997716.447800627
74.80834473457672,2,20,2,studio,B,691685.5229227154
82.01822063667933,2,20,6,detached,C,719147.7685430078
36.283128270705795,3,39,13,studio,C,299977.0928257042
84.22734934957717,3,22,0,detached,E,349758.3292751511
77.22602015338906,4,5,2,duplex,A,1077873.8434288355
104.51181359428622,3,21,5,duplex,B,1063330.1954445206
110.25267927331478,3,49,3,apartment,C,749511.3280268771
156.28512517647658,2,37,6,duplex,B,1573191.4019621871
128.5127151455815,4,36,13,apartment,D,707741.2972278396
82.69289033012791,5,44,2,detached,C,768235.9935422197
73.04755985954927,4,7,0,studio,C,543427.6954891776
114.75757514519518,1,40,8,duplex,D,650673.3832675037
60.393003789380735,3,48,14,duplex,E,273563.6519123533
154.94376297563062,1,34,5,duplex,C,1113669.0689985428
135.38320362163861,2,10,7,detached,B,1403622.528516089
85.92473043685885,1,23,2,apartment,A,1078347.944340348
48.60596412727367,3,48,7,detached,B,488993.9437246382
140.6161712249624,3,20,1,studio,E,478286.6400340541
96.56380464242146,2,1,11,detached,A,1355434.3041655377
137.13448935920385,2,39,3,studio,B,1251254.37030401
52.167170236168985,3,18,2,duplex,B,552507.8004726835
82.01874931138681,2,38,9,studio,D,448402.2957851477
100.1573109915455,2,27,0,studio,E,255896.0761814426
101.40941781294227,3,16,14,apartment,D,493380.926858597
86.49803585562269,3,5,12,studio,A,1148702.107780815
118.68549797042496,1,18,12,studio,D,689445.6538513907
67.97138711852216,1,37,6,detached,E,212955.3136275833
95.7286154493612,2,27,10,duplex,C,830023.6410676668
103.60886895135697,4,1,9,detached,C,863887.6627077474
115.43316502176248,3,37,1,detached,A,1591123.3831260242
121.34844634266669,3,36,3,duplex,C,1031457.4124258022
66.26073724486392,2,3,8,duplex,D,424989.3812779195
53.976574877931334,3,21,5,studio,A,757540.253431789
138.33030465695526,1,25,7,studio,E,425918.702423816
109.96942035938775,3,48,1,apartment,A,1285005.7404869394
77.5454039033034,4,42,6,detached,A,1126155.4417407208
146.53455926567568,3,35,5,duplex,B,1535542.2636535896
103.47023902878576,4,12,12,studio,B,978595.3911267632
135.3789155219148,3,31,13,duplex,A,1799630.0089639896
102.02555444230327,2,16,8,studio,C,750371.5512443291
161.82243774645963,4,40,6,apartment,B,1468426.6264408769
152.66022527329613,1,35,0,apartment,E,455255.69997556345
92.5310755456278,3,45,13,duplex,D,531345.9887345259
129.14712852863067,2,18,7,apartment,B,1148803.433720255
119.36127848755443,1,34,10,duplex,A,1605905.7376290893
141.05894672597046,3,45,9,studio,C,1037212.0240293319
71.05229618259686,2,39,14,detached,D,391442.1738356006
120.58154379995318,3,27,2,apartment,B,1110985.830952575
131.75273460548763,3,0,13,studio,C,948705.3622460216
47.23781540730657,1,41,1,detached,C,324757.03206667025
64.50224462002674,2,17,11,detached,C,447554.58557086345
38.823034667196985,3,47,2,detached,A,530541.4911895148
91.91779496666327,2,39,10,studio,E,245052.00998420868
121.52626767387886,3,32,5,studio,C,880428.40910892
145.07071156288083,3,11,12,duplex,D,857873.8536722569
102.22284341259325,4,7,13,detached,B,1082872.1958301957
148.85846636713876,3,23,2,detached,D,907386.0496973981
58.59695625355326,3,15,9,detached,A,798200.7071557011
48.89852681934536,3,49,4,duplex,A,656245.9282334362
98.33356903310144,2,3,5,detached,D,556572.0669072916
111.52196346817922,2,37,7,studio,E,373374.5723084899
99.01915755717721,3,43,6,detached,A,1393578.0292887753
37.9767369988037,3,26,13,apartment,A,477212.44769405545
97.32639881461635,3,8,10,studio,D,491369.5060673375
60.865914984854406,4,46,7,duplex,A,827688.0123812512
120.09017646490116,4,15,2,detached,E,566139.1494202116
110.99794738290545,4,11,3,apartment,E,362439.63611258904
71.80360641017934,3,30,5,duplex,E,288422.24703341606
84.5839924798992,2,23,10,duplex,B,841099.2097066176
68.22359434333146,3,13,6,studio,E,260712.04875869627
98.11962708180485,2,44,8,duplex,E,363443.563004618
128.65426961503715,3,24,12,duplex,B,1286778.344522814
70.42821860993368,3,33,0,duplex,C,603635.9546187455
115.12139546553533,3,2,12,duplex,A,1700334.3939953584
84.09227144882678,2,23,14,detached,E,328270.33620803757
76.21381503212967,2,41,7,detached,A,1131854.720673379
96.78908920136327,3,8,7,detached,D,621989.5629131695
68.94273032741879,2,25,5,detached,A,913436.5974085038
83.39052083958454,4,19,3,apartment,B,814799.38741891
64.06366322233455,2,39,2,detached,A,868134.3626577202
158.94175398749167,2,9,10,duplex,A,2085284.1177690115
101.05790655915186,1,18,2,detached,A,1380619.8499961814
79.00823476022244,3,2,5,detached,C,673128.785883353
106.41939732202665,3,23,12,studio,C,720439.5359645435
96.6301585092751,2,4,7,duplex,D,686688.9510370027
93.37091201400331,1,2,6,detached,B,1005632.485068544
118.42500100130276,3,26,10,detached,A,1677534.5261100836
122.72523130141916,2,15,0,detached,A,1712477.1975221331
84.08496557168418,3,48,10,apartment,A,1085137.017841305
82.7254527806596,3,14,5,detached,A,1283339.7664885768
91.74844908545069,2,34,6,studio,C,679493.4121987835
30.94236505793245,2,11,11,duplex,D,192192.64305784454
54.544268134043435,5,40,6,duplex,E,319628.2884412242
141.00622802333572,3,43,8,detached,B,1487807.4221883176
149.34903140503852,3,25,10,detached,A,2114407.3738707863
92.52891881330865,2,46,10,detached,D,578641.8291781165
117.29670889167299,3,33,9,duplex,E,393605.18244880793
109.33750463630608,1,22,4,duplex,D,485464.55562938855
192.36642425365713,3,30,0,apartment,C,1349810.958509099
133.5872473430373,5,49,1,studio,E,494911.7884980812
96.162472255577,2,19,14,apartment,D,526439.9061637939
71.33378678198723,1,11,3,studio,C,560970.0129445407
51.80661039227282,1,22,4,apartment,D,228191.50026788848
106.10390907601669,2,3,8,duplex,D,682967.76206543
77.30947764147089,2,22,10,apartment,E,250181.82444701073
57.33238871206977,1,47,14,studio,C,408047.3791126724
80.60281347272421,3,47,0,detached,A,1176474.4638383093
67.55355989156814,3,0,2,studio,B,578898.7576794284
150.61424905217694,2,24,4,detached,E,478574.2995986642
126.44919270848351,4,1,2,duplex,C,987204.2580019608
99.76082076050147,2,29,3,studio,D,557914.9630449484
144.39832416670077,5,2,14,apartment,C,1074515.438579944
102.32104922942855,2,20,13,studio,B,1032268.5417310928
74.1614739601521,4,24,2,detached,B,822940.054232187
145.69372231808973,3,19,3,duplex,A,1883138.4421947093
116.16730131053976,4,48,13,apartment,A,1396386.7401912177
68.88261537020631,5,21,14,studio,B,695312.3564928232
94.28983965749175,2,20,12,detached,E,362559.4400280205
73.7314523984573,5,32,12,apartment,E,235952.4707912532
58.51600807106992,2,37,14,duplex,D,351912.0829811981
127.78532642594925,2,14,14,apartment,A,1588201.0549636888
157.28249921410392,2,45,0,duplex,D,830256.3656998051
58.04297278542576,3,14,11,apartment,A,827973.5340280666
116.88907710071713,2,45,7,studio,B,1022868.7427389263
80.4807229263452,3,24,3,detached,E,259864.59038511373
85.38623848705912,3,20,6,studio,E,209697.58972485032
82.22818227283392,3,23,1,studio,B,829585.6753901134
74.08027690960552,4,4,1,duplex,D,472385.6668701255
101.45564883834481,3,5,5,duplex,D,575291.7691376772
75.07149650766887,2,48,13,duplex,C,499943.601337459
108.11370477339517,2,42,1,studio,A,1276901.9111023939
98.49285671652589,2,47,14,apartment,D,608036.552966435
92.8315585940077,1,43,14,apartment,B,706759.6521580134
72.77309013875207,2,46,5,studio,D,329282.53064213286
82.69686008295002,2,22,10,studio,E,346729.7787509606
122.66173677477268,5,3,14,detached,A,1845455.6198453389
115.02751562873142,3,26,1,duplex,C,886880.586927168
70.67334265604347,2,17,3,duplex,A,955717.8779065392
102.97996916287677,3,20,6,studio,E,362086.7777233508
122.54161370115366,2,27,7,studio,E,380816.77019382437
49.917841566358845,3,34,14,apartment,E,261976.03517953533
116.30080577139805,3,21,2,studio,E,395390.1275870918
80.12128723162459,3,39,13,apartment,B,798367.3996327732
117.11796005779478,3,22,14,studio,C,857905.6588593442
77.1022253037245,5,2,12,detached,E,255233.23666152617
45.853536980064426,4,39,8,detached,E,145149.0649133981
51.173726863505124,3,49,1,apartment,D,222124.74185222437
101.44254839984146,3,9,7,duplex,C,807693.329814979
107.79167505164446,3,24,7,detached,A,1623645.827663413
72.87050124686775,2,48,12,apartment,C,524214.0818718467
119.15777376332122,2,7,13,studio,C,845315.0112400103
50.1543981319312,1,10,3,studio,C,408008.6867313008
98.0176060405805,3,4,0,apartment,E,259458.63434665411
63.6695140071263,3,44,12,duplex,E,205424.6377161049
80.44491676593523,2,36,0,apartment,B,694137.818196415
101.42196013949243,5,44,1,apartment,A,1294965.5996473162
74.18759904148143,4,37,13,detached,D,519095.5091062165
88.46333367310524,3,28,14,apartment,C,668817.6133130982
130.1887842764332,3,4,11,apartment,A,1624631.2354781441
82.69324391430554,4,8,13,studio,A,1030263.4710107693
125.07076336195425,2,47,8,detached,B,1306495.3937020334
66.10879436027146,3,1,12,studio,D,328052.0782623378
115.89412533745849,2,0,1,studio,C,864965.8241125995
143.247058619737,3,39,1,duplex,D,785378.6721753875
25.850664996181322,2,29,5,duplex,B,205896.10544717644
76.09314233588569,4,10,6,detached,E,327662.3128504098
117.3121638154162,4,27,12,detached,A,1576727.052435509
93.90863841871023,2,43,6,duplex,C,795165.0194238692
111.13437620113926,3,11,14,duplex,E,444548.3913093445
81.88044439852538,5,38,12,duplex,B,894564.8920577915
102.597693624187,3,25,8,duplex,D,513353.077663291
95.32968293823761,4,12,5,duplex,A,1282742.305631066
135.0334618497942,3,7,13,studio,C,983762.154692152
107.63262529903639,2,27,7,detached,E,365652.31873041514
110.12807986225607,2,29,10,studio,E,251455.99131439457
87.64369101632597,2,8,5,studio,A,1001902.8419191047
85.3718132778252,3,38,1,apartment,D,433704.34654344706
87.02325436541138,2,30,0,studio,B,724044.8193595108
111.8335642713489,3,20,4,duplex,D,716653.9696865821
87.3704655753921,3,46,13,duplex,D,523964.4786349482
108.69324570689238,3,33,8,apartment,D,526793.0230725104
162.26202395936315,4,30,7,apartment,A,2050602.0289131436
126.13374110295078,5,24,13,apartment,A,1629990.2226690939
90.21929403496476,3,11,12,apartment,B,860921.5641340289
136.03641766491836,4,0,3,apartment,D,738202.7766513941
87.75773880935346,3,21,4,studio,A,1067669.1753007495
38.856263944664384,3,39,12,apartment,B,343209.4401128966
69.75741067247787,5,36,4,studio,B,622977.1000919081
43.87624236922433,2,46,5,detached,D,325254.83137793984
89.45459547876074,2,0,2,apartment,C,620156.5074127644
100.55255137568655,4,0,4,apartment,D,564172.7873640495
150.2931193682585,3,41,1,studio,C,1026039.4427627785
109.80782121292488,4,41,9,detached,B,1168963.4237233058
93.42698413573407,4,20,0,studio,A,1313662.680822296
124.88216743550467,1,14,10,studio,E,331346.6071192527
33.66594072976345,4,16,0,apartment,B,427423.2552949486
107.06843674325698,3,21,9,duplex,A,1444363.0891532975
123.12595581660901,3,37,6,duplex,B,1276593.8857591616
55.64241262660475,3,34,1,studio,D,363441.07590283634
134.31262129620788,4,44,3,apartment,C,991801.7182937551
110.15489222483242,1,15,4,detached,B,1113892.776708001
87.54136258297596,3,7,6,duplex,A,1186391.4371811608
118.98345598318855,3,46,1,detached,D,696083.4478210171
168.12078573413186,3,16,13,duplex,E,683217.1207684057
105.45598765175485,3,16,5,apartment,D,485073.6494007547
107.44661758901009,2,25,0,studio,C,671089.975233431
86.21917301379267,2,12,6,detached,D,426657.59896941937
74.50466891605625,2,16,8,detached,E,226144.53608177285
124.91007449632737,4,37,4,studio,A,1575425.0478158465
74.31748522273398,2,16,4,detached,B,821056.9366755065
102.14698711658177,2,47,3,duplex,C,752306.6687273444
85.6702765970465,5,13,2,studio,E,329086.2534081475
114.36939477239176,1,44,8,duplex,C,800629.4079930248
110.00986315860845,5,5,4,duplex,D,639126.6330020282
131.12619832773697,3,34,7,apartment,C,969876.7302447361
84.69950803435759,4,45,8,duplex,E,373142.57956879993
91.90375194119886,2,13,4,apartment,B,816792.8262492826
70.63708852653077,1,46,9,detached,B,786394.6222911336
86.67120219771665,3,7,8,detached,C,787958.4451309245
111.31901479134557,4,14,1,apartment,A,1468414.4701089244
122.70965849936056,3,26,8,duplex,C,959517.4669903304
72.33504027467123,2,12,10,studio,D,451709.51365498843
126.08817760316981,3,48,3,studio,B,1259770.730427317
140.66913576414854,3,30,5,apartment,B,1270396.3452095357
112.40304709671102,3,34,5,detached,B,1182113.0855325547
156.303874376742,3,5,5,detached,A,2152732.541278719
76.78632402689281,4,4,1,studio,A,922225.1335146724
62.66035890065749,3,21,6,apartment,E,160853.50963865774
46.63839253287164,1,48,12,studio,C,261895.4411407369
144.8813293446755,3,22,5,duplex,C,1161223.1349032798
119.63096969062173,1,24,10,duplex,D,606310.3563273519
98.33245987268634,3,33,13,apartment,B,920700.2665835205
108.3990587895946,3,25,0,apartment,A,1341530.963034883
66.2353285810487,1,46,1,duplex,D,315488.08750204893
173.37255938850478,2,4,6,detached,D,1014460.3612554371
103.87663545925682,2,25,0,apartment,A,1227624.0058767663
103.28184383814678,4,19,14,duplex,C,835283.2088899077
121.77299871696076,4,5,0,duplex,B,1228359.538574701
114.4302769521014,1,5,0,detached,C,922493.963953557
106.71652072837394,5,49,7,detached,D,647417.7009151585
76.28576633664065,3,17,3,detached,B,767479.3877873409
114.14405071407987,2,3,3,detached,E,444743.4194060024
156.460734894251,1,16,12,studio,D,805668.2345355282
140.36260138464934,3,13,1,detached,C,1224028.8679286325
147.7955987991819,3,13,10,studio,C,1016849.3228640644
84.66352970706444,3,12,10,apartment,C,602598.3426139017
70.31185539224258,1,6,10,duplex,A,936341.2614320882
96.22639239701056,1,43,0,studio,D,434529.9681444398
101.67174736866083,3,14,11,apartment,B,976591.3255083386
132.82574555412845,2,18,9,apartment,C,965676.8632530959
49.22606110855542,2,42,8,studio,C,367547.19556944125
145.8865095838184,2,46,6,apartment,A,1820621.476671034
95.25976304263031,4,43,3,apartment,B,928041.7211065954
87.1935679015774,4,34,11,studio,D,486662.39508195827
69.63686874219498,3,16,5,apartment,E,231233.83189675809
50.35429984402692,4,34,13,detached,A,738146.1324387306
124.69511751885744,2,18,1,detached,D,676436.4180414267
102.19953901565212,3,19,6,duplex,E,282522.96940415096
61.301173007768384,2,35,1,apartment,C,454796.0174409319
61.147636838091515,3,34,9,duplex,C,557318.450531458
89.92645902129615,5,31,7,detached,B,988408.1047052783
150.0706457586818,3,47,7,detached,E,616073.4358190821
92.21225945909185,2,43,0,detached,C,731758.0669916158
54.90571140645682,3,39,12,apartment,C,307151.3807895472
92.62770807742167,2,23,7,apartment,B,888061.8353832752
91.81829290756988,4,16,1,detached,D,563790.7723566196
20.0,3,6,5,duplex,C,245138.93387600072
98.37115400446564,3,42,12,duplex,A,1255522.8586623645
93.07196409373967,3,49,0,studio,A,1152965.7772322586
120.88619094440256,3,0,4,detached,D,701072.5437530989
155.46868284836034,1,34,10,duplex,E,504416.89672770695
133.79695088643274,3,31,6,detached,B,1451303.7764033466
91.93333928335508,2,35,12,duplex,A,1242990.1286049816
66.80422273774988,3,12,9,studio,A,839119.0645045033
177.20079409749582,4,5,0,studio,D,874581.015176868
101.77655302043465,4,13,14,detached,E,449171.31694808777
100.41787875738838,3,36,1,duplex,E,407150.5217991617
99.27624738669991,3,47,6,apartment,D,460731.3857256725
105.94254282303565,2,14,5,studio,A,1239509.053161128
95.66918764228173,3,46,2,detached,B,1063403.9599992614
82.79013979359291,2,3,13,detached,A,1153356.8510231187
83.59423176278824,3,39,9,duplex,E,254905.29794692213
99.01740189352005,2,15,1,detached,A,1394442.8668065402
83.69725686598704,2,27,9,studio,B,727849.0923961626
78.61462651968506,3,15,3,detached,C,678274.8500537637
103.19290683075691,1,3,2,detached,A,1401676.7807221278
92.35068347737435,3,44,6,apartment,D,463377.87638284446
145.11978965748065,2,25,7,apartment,C,1078858.3967952372
20.470905748209645,1,27,1,studio,D,30000.0
132.74520555767384,3,31,9,duplex,D,784786.1682889684
137.38255577492887,1,44,6,apartment,D,712185.3177879691
37.79829302775552,2,1,7,duplex,A,489287.76090749016
89.71937217758953,3,30,5,studio,E,341046.38425092614
88.85677402012625,1,2,5,apartment,C,573046.2197988426
57.774649158465365,4,7,9,duplex,B,601119.8493856258
76.66549937227374,1,23,0,apartment,E,179738.1459372695
66.68272463602514,2,14,3,studio,A,860757.3038124309
152.5681133027087,3,42,13,studio,D,694593.1821801518
128.07035179442383,2,30,0,apartment,B,1239640.527451093
138.14665284982476,2,8,3,duplex,C,1066082.2986379564
121.65016192129706,2,38,1,detached,E,451588.6663363426
66.12844686348312,2,44,10,detached,E,252278.5377472033
84.26439201160679,4,1,12,apartment,B,825441.117514787
114.68123683683754,2,7,4,duplex,A,1501908.0231723778
63.336165733241636,3,6,9,detached,C,614524.7622989878
121.38995290517164,4,43,13,studio,B,1105267.0128604895
92.79023805525595,3,38,8,duplex,D,496883.8764178626
88.75537577351207,4,41,10,detached,C,803791.2891529488
121.32879904610475,2,15,14,duplex,E,421422.51782898925
113.3278993445812,5,34,11,apartment,B,1150842.1728570405
89.17101502542761,1,29,9,duplex,E,275180.9950111361
134.77989410092744,3,9,2,detached,E,473271.86601341225
67.56810017200308,3,37,7,apartment,E,237941.47416720417
118.47806820832791,2,17,2,duplex,A,1554179.6425455583
117.79303773905151,3,49,5,studio,E,337782.98765186925
90.7136068205803,3,4,3,detached,D,606897.6489011303
109.78399066726354,1,28,7,apartment,D,626497.706700069
62.46659270844091,2,38,10,duplex,C,469769.67425907054
127.72081057620703,3,33,5,studio,E,357925.37241432455
94.45293590671032,3,42,7,detached,E,340039.8113831596
84.31830938442882,5,44,0,studio,B,842604.8459546556
131.47027677510667,3,22,5,duplex,A,1780181.6298552817
78.86968928371722,5,4,0,duplex,C,752808.1922082083
57.74616110909321,3,29,0,apartment,E,231992.97524106462
53.301124794282885,2,5,7,studio,B,442039.6497430505
118.1802985403692,2,45,14,apartment,A,1390997.6649523918
61.58711942511151,3,43,6,detached,C,448009.6053733813
152.64382545953094,3,3,2,apartment,C,1164240.745498226
37.542117763488335,1,28,5,detached,E,30000.0
150.89369104870116,2,22,14,duplex,C,1107614.8045438833
106.33052401607856,5,5,8,duplex,B,1112332.0644589192
97.09860664388823,3,31,6,studio,C,732386.1166624585
83.65242739573151,3,41,11,detached,D,477343.78684017353
111.97408343056213,3,17,2,duplex,B,1124931.9552768406
98.87095892725455,2,14,13,studio,A,1182175.1134634195
133.09905646049566,2,39,13,studio,A,1606327.8086438603
103.4268294598612,2,31,12,apartment,E,253754.9116160835
104.50905284385632,1,8,5,studio,E,262168.3061291666
89.09163363358432,3,36,10,duplex,D,598250.1699245083
98.29163128836798,3,9,3,apartment,A,1235119.5303202663
109.23405306676177,4,19,13,detached,A,1603544.0409139546
48.694948220301235,4,5,12,detached,A,741016.7120129177
59.55443733682861,2,47,2,duplex,A,775254.5604340008
122.29792282068145,3,2,8,duplex,C,1007450.5530240113
105.12596314383825,3,41,9,apartment,B,1002014.3524783509
94.48049990941962,4,10,1,apartment,B,947628.2829193625
100.5530179919618,2,42,0,duplex,D,545613.6209648229
110.42745116085013,3,16,14,duplex,C,933260.2017524621
83.80720959071915,3,31,13,detached,A,1061403.652910443
76.65085823793062,2,3,1,detached,A,1123671.1941696987
105.87535765293045,2,3,6,detached,E,365199.6860654199
70.64881667154904,3,16,9,duplex,E,296010.2173311967
112.24758267143416,3,40,0,studio,D,548771.5270723776
48.92249187286479,2,18,5,duplex,A,591542.1662179264
130.8746691197693,3,4,13,duplex,D,778595.8817245646
114.17792447239128,2,31,6,detached,C,849230.7658366899
107.68089202941627,3,21,8,duplex,B,1078506.9596800858
129.48072951836542,2,5,14,apartment,A,1530647.2696651774
149.9642333338773,4,34,13,duplex,C,1193272.9697561816
130.4311019505439,2,21,7,duplex,A,1772001.0017270434
44.773773060050644,2,0,5,duplex,E,145261.18682544262
61.61269099792895,1,19,2,duplex,D,344148.6778592398
81.25544266912964,2,21,7,studio,E,290233.62991874333
100.782731506325,3,47,6,duplex,B,985536.2893729283
115.5297706140737,2,10,2,apartment,E,331951.63540626597
78.22768560539603,4,12,8,apartment,A,1061198.6723747628
105.60300293431234,1,41,11,duplex,E,321970.47769433545
77.33851202940032,2,2,1,detached,A,1114578.4056623182
81.65446591024156,2,8,2,studio,B,775968.2478101351
57.80016709455333,1,11,1,duplex,E,124791.17110812709
72.30300261667287,2,22,12,duplex,D,369522.72058310104
59.44946183150999,3,13,0,duplex,D,382589.40825030603
70.72380241068002,3,32,3,detached,D,330896.11952522787
131.60925389823518,3,17,4,detached,E,479712.04509699007
71.51803333504171,3,48,12,detached,E,221873.02138625478
178.97146194512172,3,40,5,studio,E,612439.6929341978
114.79953702642668,1,8,4,apartment,A,1390900.2169748675
105.54508371084621,3,22,0,studio,B,1038468.0682671499
74.2492665945636,5,9,2,detached,D,511802.051241073
121.00929638226974,3,18,0,apartment,A,1477417.0969488858
82.73086521286677,3,46,10,apartment,D,415407.85011035565
103.66029443936084,2,4,4,detached,A,1426058.5932854249
176.80253614806384,3,46,4,detached,E,763751.5666636194
97.11820300826051,3,22,11,studio,D,554949.4908309637
134.47819978857027,3,29,10,detached,E,439965.3619737282
78.90470724622338,5,24,12,apartment,D,594488.9796892258
98.95034528509115,2,27,5,duplex,C,748818.6619450883
153.1240190690653,1,33,7,detached,A,2110194.063161944
81.19098826636699,3,44,9,detached,C,721267.3241378474
154.37345673990785,4,47,11,studio,A,1812083.7845252692
121.23255806366427,2,46,0,studio,B,1046726.6824905234
83.12599672317197,2,24,3,detached,D,569582.7223867732
118.97223217166562,1,9,9,apartment,B,1055008.6563781707
129.17663348880188,2,13,10,apartment,B,1226023.2072372604
118.65429886651589,3,41,0,duplex,A,1565013.3230056923
52.89325840328631,3,45,8,detached,C,441162.74987211265
78.18588472525394,2,29,10,studio,E,329320.49747958686
92.57444093345485,2,40,6,apartment,A,1132768.9033163595
97.76699712699862,1,24,6,duplex,E,292188.7021725455
118.62016292652034,2,13,11,detached,B,1209075.513249343
105.33103002799761,3,34,4,apartment,E,309399.3204633327
59.939669238696965,5,47,6,detached,C,609567.3389083651
111.4059355301789,4,33,11,detached,A,1625701.8257484145
118.3175723585147,1,9,14,apartment,C,766289.1749059233
116.79371343793119,4,34,1,apartment,C,864914.9219090536
132.42342176663865,3,10,13,apartment,A,1620740.2376093636
125.01766463646712,3,10,12,detached,C,1062446.838801975
113.7754023768531,3,20,3,detached,D,658530.0077098368
97.89502865624058,2,20,13,duplex,D,604312.9381917944
50.17117199452026,2,21,13,studio,D,260288.89610830005
112.88854657397758,1,44,6,detached,E,382837.3115594931
106.23063061489333,2,6,2,studio,C,721379.9030985375
108.1473651158612,2,16,1,apartment,A,1273052.7245068066
61.69754272539072,3,1,9,detached,A,1029726.6450737368
67.56830378775213,3,11,1,duplex,E,350929.4001209162
131.5945855999871,3,41,12,duplex,A,1755014.4717756843
98.81334538430035,1,17,0,studio,D,562216.9244578488
120.44502092117872,5,10,4,apartment,C,978752.0221613726
100.84955128391384,4,15,11,studio,A,1231434.063954509
100.89268418487235,3,48,5,apartment,A,1190465.5501483614
128.14851417927994,5,17,5,duplex,B,1380754.1216424375
84.51865815347878,3,34,8,studio,B,796670.9552869501
102.8836233082295,5,25,3,duplex,B,1072697.639934536
86.13174133884873,1,15,0,duplex,C,691025.7354965721
86.96511317703053,2,5,5,apartment,D,380201.4196055053
90.72483629594082,2,43,14,studio,D,457874.25787232694
106.66401314901138,2,42,4,studio,D,470373.88306691917
85.63754135009569,2,46,9,duplex,C,595809.5012194837
137.67268376720563,3,46,5,duplex,C,1043441.4255248632
73.16178093341489,3,47,2,apartment,B,693120.3922179334
94.39385067515923,3,41,1,detached,A,1291298.2888729656
86.80806825177476,2,11,5,detached,E,255257.40507110383
143.409336530612,4,12,12,duplex,E,556513.2706848669
105.89664329534725,3,3,0,detached,A,1580286.0296978436
130.95533618405904,2,38,6,detached,B,1388480.2512151115
55.43318880889084,3,1,6,detached,A,900492.9417923758
108.01150797607777,2,25,9,detached,A,1569642.7297500025
126.68892386870311,2,26,12,duplex,E,401402.03814122354
102.46851967826272,4,26,6,detached,B,1146207.1696382246
131.96441125196054,2,14,14,detached,C,1072681.9709005244
84.48134649698883,3,7,11,apartment,E,343049.02855086944
142.2804232055674,4,6,10,duplex,C,1153668.6808196905
168.9669437085775,3,46,9,studio,B,1498267.6679167342
89.11484318681023,1,45,0,studio,A,1115548.4153592354
86.63492435797684,2,39,14,apartment,D,449564.3993260527
143.60153431353103,1,11,3,apartment,D,679331.1880021936
147.38716437192136,3,12,12,duplex,B,1471596.6122783304
84.31419918540195,3,42,6,studio,D,407074.9637050855
87.39439548712429,2,16,10,detached,C,667237.5120358646
91.54646173418479,5,16,8,apartment,D,505856.54155874636
59.66648466897169,3,35,4,studio,B,578149.4227073055
72.44044160547405,2,20,12,duplex,B,731363.405403502
69.87577699743797,3,7,1,detached,C,582564.1580102675
76.96607304687615,3,4,6,duplex,D,539888.7751976801
98.95945337839656,1,25,9,apartment,D,381765.59319800086
107.02644197609563,2,15,0,studio,A,1312124.099470933
146.5150147844223,4,35,6,studio,E,474907.08161238726
70.04937877783627,3,27,5,studio,B,608435.3475107024
129.5296719542975,3,28,6,studio,A,1598578.7807409558
93.58033467323473,3,46,13,detached,B,977119.0532499216
98.51608871042701,1,11,12,detached,A,1415550.6975145873
120.24458476499811,2,36,9,duplex,E,442410.39184506715
66.31833935313105,3,29,2,detached,A,1039824.6198919078
111.47229238552151,2,22,14,apartment,B,988084.734943994
104.99356624639168,1,15,2,apartment,D,587295.5557193342
114.77353792024448,4,13,6,studio,B,1028169.1028814293
108.67505931723454,5,9,12,apartment,C,830693.5902568628
173.65900419732682,3,6,1,duplex,C,1354611.979687703
80.86780047246052,4,44,0,detached,C,724808.0644487776
84.07009134994547,2,36,8,detached,C,707978.0252792386
81.30578420725706,5,28,8,detached,E,311373.97585363826
83.33568642519236,2,2,6,apartment,D,468588.04082518263
80.87838618080447,5,14,6,detached,D,529976.266397431
135.67049593322656,5,35,2,studio,B,1242694.5954014545
142.61512743969564,3,46,9,studio,A,1727792.4611692315
82.87761118751571,5,45,14,studio,B,729556.2926195156
75.02933280687314,3,18,1,apartment,B,752829.3127612969
114.14246669159212,2,12,10,detached,B,1194693.4897358923
83.43330867157087,3,41,6,apartment,B,768712.4969542358
118.98795453266533,3,20,8,detached,D,714322.4072085001
106.087690625539,1,36,0,duplex,A,1462900.020591704
54.527676550083044,3,26,12,duplex,B,645467.8822873131
146.42515603990185,5,28,13,apartment,D,865663.8348694686
153.87633019286565,2,19,3,studio,B,1391134.889522849
81.61633928546841,3,24,5,apartment,C,543533.1293737821
88.36895320192048,4,5,6,studio,B,852021.6066730886
108.57596172174715,4,35,9,detached,B,1188356.2248564418
110.03370369961075,5,1,6,studio,E,450231.62629349617
119.75632818018491,3,21,9,studio,C,883353.4343163065
160.3061361629905,5,31,1,detached,A,2235074.965239789
94.69158317517852,3,15,13,duplex,B,946425.8999172566
76.05108266384639,2,17,3,detached,A,1031423.1141986339
58.62042315956418,3,4,4,apartment,C,475295.6146372403
78.07209880174243,3,35,13,apartment,B,753328.7618776802
99.00619081378609,2,29,11,apartment,E,337250.1668454018
153.83673590553363,3,44,0,apartment,D,802235.4722612859
84.47166102891485,3,18,0,apartment,E,181455.00759831234
106.71363854916696,2,22,9,duplex,E,275762.0232985106
99.50731311781743,3,33,2,duplex,D,566130.8405810137
135.65179820344252,3,12,14,studio,D,717162.8870405322
175.80797277620866,3,42,14,apartment,D,960723.1432386922
84.07393681239039,1,28,9,detached,B,857955.0034079921
85.31681672445333,1,35,2,apartment,A,957504.3341504576
131.32482631207216,2,21,11,duplex,A,1777045.9477082212
120.45674468878934,4,46,7,apartment,D,638421.1388007345
155.401219772081,2,35,8,duplex,E,495471.2859711655
117.51784555977892,3,8,14,studio,C,777894.948519947
89.22123727638821,2,38,13,studio,D,451365.53678750264
117.71964492076928,2,18,10,studio,E,375599.83031128085
133.26110741748724,4,37,11,duplex,E,435604.33927240537
124.61446543592092,3,5,0,apartment,B,1196248.078333602
115.21822093321893,1,46,13,apartment,B,1046703.8283315195
132.00024068767462,3,14,10,detached,A,1861998.9506095583
135.0788677133702,1,19,1,duplex,A,1773177.1967135887
141.4647697311258,3,8,9,detached,C,1227493.283668775
119.46129662768928,3,31,1,studio,C,879105.5948328766
94.98645759049437,2,3,14,apartment,C,648292.4306860425
104.40141059299968,2,49,3,duplex,C,789058.4473860902
136.1952689952507,2,17,1,detached,E,510941.1481304188
75.49192987038292,4,4,6,detached,E,225531.11183621804
111.06019926618704,5,19,12,detached,A,1567129.4474338994
88.19983563017918,1,22,14,apartment,B,816905.4039885614
100.86234468804453,3,10,8,apartment,B,1003204.9824032064
138.35355587821897,2,36,6,apartment,D,744820.2164044954
105.7329720405971,2,21,11,duplex,E,404033.4733463595
101.39309644468446,3,3,5,apartment,C,754738.8682463634
59.20431577060242,4,28,14,duplex,C,455028.0609492542
122.38760698081663,5,43,9,detached,D,761172.5709110339
119.36452543423226,3,33,0,detached,B,1162784.3857133447
164.8976416991638,2,12,10,studio,C,1233316.2962046843
90.76665295140998,3,41,9,apartment,B,795544.2364389743
106.57450982991817,2,8,8,detached,D,604536.1435208693
107.48151051132265,3,41,4,apartment,B,1039764.5472339328
147.32359839290422,2,30,10,duplex,B,1383272.2762342747
97.14113402839143,3,6,4,detached,B,988490.6059925797
108.37064577311017,2,3,5,apartment,C,790493.0876030278
118.23689529149618,2,18,8,detached,A,1670338.175776021
105.59827369469075,4,41,12,detached,E,406154.00448797503
86.60699156348416,2,29,7,apartment,B,783008.7684245621
105.82269978694923,3,30,7,detached,B,1187433.8404896467
132.20895249579317,2,34,13,detached,B,1403628.5805844916
69.20454101766819,1,20,7,detached,A,968581.1627701983
103.98909022440628,1,30,0,detached,D,619469.5934300232
78.9963755518248,2,18,0,duplex,C,605342.57801462
135.85139886774527,4,30,7,detached,A,2035157.587582036
54.30439285648676,2,31,4,studio,B,377862.95979175664
83.23234458185235,5,1,8,detached,A,1312927.4064355015
111.31635625193563,3,9,1,apartment,A,1416401.650960383
146.9657208770302,3,1,8,studio,A,1815503.0631019052
98.02749216781037,3,1,11,duplex,D,586602.6548030626
83.34401419920405,3,23,13,studio,E,270754.37774075684
156.4347120832177,3,16,7,studio,C,1182215.1639806943
56.55958298751268,2,31,8,studio,D,285304.69123756915
34.03582130139755,2,15,3,apartment,D,146284.86953083338
113.20043350159997,4,15,0,apartment,E,437200.444770884
84.93837326942166,4,45,0,apartment,D,541430.1780501013
69.36301548607861,4,38,4,duplex,A,864333.3482623001
121.2506934189806,3,30,1,apartment,A,1597862.9125662833
107.31402141313596,3,42,13,apartment,B,932989.6278417415
83.07764107789815,3,23,7,studio,D,395873.2915637231
61.590868039873165,3,0,9,apartment,B,532073.3263842278
126.17371984840435,2,10,10,detached,C,1032990.8974028861
119.50603533875983,3,20,4,apartment,A,1400086.5098166862
97.02472408661852,2,3,4,duplex,C,709527.3722744184
155.39910988142998,2,6,1,duplex,E,497089.5602295381
67.89745701021542,4,25,6,detached,A,998532.6905006898
54.23424487225783,2,46,12,duplex,C,426046.36546476086
79.24275790356266,1,49,7,duplex,E,296610.9650522611
98.63241950933507,1,11,9,studio,C,745834.3752250911
107.30018347968075,4,30,12,detached,E,473166.1987097787
92.7629182643101,3,16,0,studio,E,297207.89623964403
110.5616618954289,3,32,1,studio,A,1258680.8538453174
62.45381727428668,4,10,9,apartment,B,523918.6355533804
143.31293812219778,4,27,3,detached,E,598791.1303270729
97.53546464822294,2,31,4,apartment,E,339294.1175300373
133.51887494764384,3,0,12,apartment,A,1611391.2762495237
110.28176039133112,3,46,1,studio,B,937499.030957108
113.70259657461352,3,27,0,duplex,D,602156.7300019198
117.09301840696611,2,41,8,detached,D,681444.5709500315
113.43125680051945,4,6,13,duplex,B,1194497.4923178896
119.28168279602632,3,1,0,studio,C,926598.3432285342
139.87457590397293,2,41,12,studio,A,1655477.1879873003
105.8956350910441,3,23,14,studio,B,969358.9143943148
121.27011272765537,1,3,3,studio,D,661116.6289365989
97.3079291713832,2,43,1,studio,E,184169.04244476784
143.2035164634842,3,18,10,studio,D,762890.2296632723
79.7082309382219,1,25,3,duplex,E,232575.7231645355
154.02821298732448,3,10,7,apartment,A,1918976.544795581
98.7952614806697,3,39,7,duplex,E,374204.6930292771
57.076746936458555,1,49,14,detached,B,527753.8485728628
103.84313244732368,5,42,10,duplex,E,382215.59425221913
79.56845027575358,2,10,11,studio,C,456880.38065289095
125.21930646966172,2,44,8,duplex,B,1274970.7089627422
80.42128062092827,2,2,12,apartment,A,996044.0584543708
86.61449700355661,2,11,14,detached,B,983060.6617593964
43.31377807163407,1,2,10,duplex,C,312446.08934355504
86.4308104225277,3,41,14,apartment,A,1102386.5049527336
27.2836202011313,5,26,11,duplex,D,170263.6088280152
52.4829152954283,2,48,4,detached,C,282647.9782352495
122.81243968432892,3,1,6,duplex,A,1659848.5068147534
123.57400475952497,3,48,2,studio,E,358387.92652592366
112.76372685354895,4,15,9,duplex,B,1121569.8245608988
70.99071570612361,3,1,3,apartment,A,936293.8581478142
98.5686593157406,2,29,9,duplex,B,1042292.06090301
99.89192382728295,2,19,8,apartment,E,315446.83545014187
65.24905932422371,3,37,9,detached,A,916036.0651933787
145.10194905301452,4,27,9,duplex,D,852346.138486706
126.32086871727014,2,24,13,detached,C,993436.6809789581
93.37107478511008,2,31,11,detached,A,1321825.6294559392
100.80657516983592,4,9,0,duplex,E,316743.09875238664
106.25148423842657,4,41,1,apartment,A,1260863.9044396093
38.747953947271284,5,39,4,detached,B,431053.26578891766
92.5846785243821,3,32,2,detached,A,1332336.3351855495
79.54047256006604,2,12,1,duplex,D,437748.10622820107
69.95139970315253,3,40,0,duplex,A,1013377.9958167672
91.56699121342135,3,41,9,duplex,C,766681.3201622699
153.93059580548567,1,46,2,duplex,A,1966529.205854294
119.2252858380103,3,36,0,duplex,B,1236203.6193162329
82.86463030651609,3,15,11,studio,A,1006465.2122705922
117.17748344068475,2,44,0,duplex,D,665935.1836749644
141.98066309758008,3,21,11,apartment,E,498030.5974723889
127.73901048738307,3,19,0,detached,A,1853609.0748165222
101.78891109760522,5,49,7,apartment,A,1287068.0116631587
80.59189666883279,1,42,14,apartment,C,623149.4610058405
120.9466994084077,2,26,2,studio,D,633799.214845102
111.80456156265248,3,40,10,duplex,E,397707.66112963477
126.85579660083197,2,15,0,detached,B,1312206.7754356137
119.05515405045908,3,33,6,apartment,A,1420596.3975960906
131.48658145958007,3,31,9,duplex,E,481849.90511969954
83.94294365318297,2,25,2,duplex,B,844323.0240155106
139.52182196902976,3,24,7,studio,D,738650.3898768682
105.92798814077199,3,1,3,studio,D,593177.2320816745
162.25782617875797,2,11,3,studio,E,514103.5524434263
79.32436545731296,4,39,4,detached,B,968246.9528295817
152.0789140949575,4,8,5,apartment,D,789996.3262658806
105.93732350387944,3,11,6,studio,E,373926.6377176236
80.45745989156654,3,25,13,studio,D,418402.6386653957
85.48342497837035,3,8,13,studio,D,340343.5192130897
90.3895807541704,4,9,3,apartment,D,497774.2626274297
112.7249783920575,3,31,7,apartment,C,766749.9959484753
115.68506464106498,3,33,12,studio,B,1061324.458827564
82.78899988184263,4,47,5,studio,E,283546.8735789427
99.26936223217051,2,19,13,duplex,E,358406.7897631296
164.2681107583559,4,38,0,studio,B,1492904.0280593946
151.82629510302132,2,1,0,detached,B,1573572.5085294237
113.08971009022096,2,0,8,detached,B,1228513.1820742842
101.14010434504601,2,35,9,studio,B,872308.012631358
103.60093980154784,5,23,5,apartment,A,1219788.6280831094
118.4055391819125,4,26,9,duplex,E,450289.84714663535
69.31622304404783,3,1,7,apartment,A,924837.1139069862
92.27870387729965,3,30,12,studio,D,520852.54316884256
49.94247778367232,3,13,6,detached,D,334468.45703263103
111.97669367815838,4,1,11,duplex,E,497505.35630536155
119.41587819108223,3,28,5,apartment,D,677180.2529136569
85.50440613101878,2,14,3,apartment,B,765993.928792716
147.219602898701,2,11,6,studio,A,1793511.3212012656
63.227030109929764,3,36,8,duplex,B,664670.6092201268
56.068753593705395,3,27,13,detached,D,348532.8017266775
106.73355455679916,2,19,10,studio,A,1348015.0332252837
131.41294907836465,1,38,9,duplex,B,1272481.1742059716
150.51783074373606,4,23,9,apartment,E,475039.5476809584
86.2334721139318,1,20,13,studio,B,636524.1861566284
132.36042500293888,3,9,6,apartment,D,657386.9308960089
98.84474591497879,5,45,0,apartment,A,1177866.0555395738
94.82118100177541,3,13,9,studio,E,315943.73544200446
126.50979812460017,2,36,8,studio,A,1457433.1149720643
119.56968635240258,3,17,12,studio,E,420643.29614065285
52.708235290472516,4,23,3,studio,A,736420.7038963721
144.2962104917769,3,13,14,studio,D,753423.2145294785
141.40274062442353,5,33,2,apartment,E,438507.3360600835
81.23311895471412,1,11,3,detached,C,661921.6263945253
111.87410600312228,3,21,3,detached,A,1672461.4157474888
114.82090558848216,3,5,12,studio,A,1494474.8985280138
107.82021297471721,4,35,9,apartment,B,942577.9821105837
83.4908453846374,2,44,10,detached,E,213584.3554035871
79.85129896185845,4,35,1,detached,C,606701.134652963
99.23337787025665,3,21,13,detached,D,547667.9500664596
135.18187057778096,2,13,11,apartment,B,1242716.45863846
116.30800463783297,2,15,13,studio,C,798821.3187063346
88.88157003741682,4,35,0,studio,E,267211.20831802
123.15096131945035,2,24,11,studio,C,922012.2176119749
20.0,2,31,9,duplex,A,295454.65595438133
134.46297101116312,2,32,11,duplex,A,1694076.085989663
47.80858663665701,4,44,0,duplex,B,564191.2414133862
89.12677175790603,3,35,12,apartment,E,315182.05139682
66.40990316121568,3,19,13,detached,E,290602.3288077127
61.15955572837283,2,17,7,detached,C,477035.72241687274
134.82480362135558,3,37,13,apartment,B,1225558.0236024556
85.96896396064326,3,2,1,apartment,E,198270.81547207397
110.39511645192147,4,22,11,studio,A,1417090.7310497889
98.59238263362448,4,31,9,studio,C,684700.3278703056
114.31122481669364,1,44,4,duplex,D,560980.2849371178
102.30465673180765,3,15,11,duplex,A,1341964.4041418752
61.51023327434291,1,4,3,apartment,B,641612.1553142772
129.88800458341422,3,3,7,duplex,E,437545.2118871526
85.18730250516063,2,20,1,detached,A,1234197.7882484028
53.30254304020747,2,39,9,apartment,D,265813.10995689826
87.15654517102263,2,13,8,apartment,D,407827.24018333916
145.02279371902932,3,38,6,detached,B,1474615.9123279683
125.50665226340479,2,30,14,studio,A,1479637.0227866578
89.54043596776422,3,13,12,studio,C,656559.9814355558
89.52226887044714,3,5,6,detached,A,1308619.165731579
90.35094846347852,1,11,0,detached,D,489643.36969048064
162.30243950682524,3,15,13,duplex,B,1617123.5640285541
111.4580635669466,2,16,11,apartment,B,971064.8148574157
112.90124941573208,3,44,1,duplex,C,829437.513428126
130.90850362095526,3,22,3,detached,B,1324368.4614892737
107.16367477079541,2,13,3,duplex,B,1125171.8261278546
92.2287356253789,1,6,10,detached,B,924675.459491628
94.10950452745065,2,45,13,duplex,B,906920.2998439732
97.85196221757808,4,31,2,duplex,B,984353.7968049805
98.88333290470476,3,14,6,studio,D,511573.85002714256
121.8288863091094,3,43,11,detached,A,1721067.3397818813
101.55837657421898,3,16,7,duplex,E,345998.6016364416
121.97920231646738,2,40,1,apartment,B,1106849.815219735
97.57850259674252,3,46,3,duplex,E,411619.4830441324
102.35905570948272,3,43,13,duplex,E,317151.6830319327
40.05397946403677,2,33,2,apartment,D,181796.48382067343
127.48983024107444,2,4,1,detached,B,1372272.7564657107
110.39465427693978,2,44,11,studio,E,404048.7711899156
129.94030329578956,3,26,12,studio,B,1134347.215768296
20.0,5,22,13,studio,C,123959.79875760838
162.65124114342183,1,39,5,apartment,C,1119028.3704603382
95.81231115534479,3,13,12,duplex,C,769410.9510475647
133.2454845021255,2,14,3,detached,E,509655.3863406378
68.80282218623407,5,42,5,duplex,C,622059.7481650531
118.38321715187709,2,32,1,studio,D,594217.9244656719
68.39753310479031,3,30,11,duplex,D,456147.17474468634
81.28693117912584,3,34,3,apartment,E,232809.9107947445
157.42094061600358,3,16,10,apartment,B,1459367.50514787
94.2795279770996,3,27,5,detached,A,1270747.1246432583
106.52298619539168,2,18,13,detached,B,1113056.493313538
126.10203192066263,2,45,4,studio,B,1059361.705358962
114.87045663917814,2,22,2,detached,B,1143467.048866679
104.51256715430729,2,31,7,duplex,B,1125097.0067021383
110.94883007398676,3,39,6,apartment,A,1260659.0824950624
172.10246755714826,2,12,2,apartment,C,1207884.6881292998
98.27143608899244,2,19,5,apartment,B,936303.6809371655
106.03297140144903,3,34,3,detached,D,747207.3646428033
131.51963188022836,5,4,10,apartment,E,481412.6477289875
133.1657779887395,3,8,4,apartment,E,447208.3402693531
135.6109091668114,1,28,10,apartment,D,666038.8149214445
119.16190666087553,1,5,4,studio,B,1122818.880182088
65.70985261808549,5,24,6,studio,A,878103.4096789209
149.00294596903288,2,30,10,detached,C,1176469.32571107
65.60963820943937,1,21,4,apartment,E,242104.49919975444
109.079063957171,3,1,10,detached,C,900401.929062835
77.37172449941926,3,44,14,apartment,A,866535.887988831
98.07584960221023,3,4,2,apartment,E,252461.32173485175
109.86287230910442,2,26,9,apartment,C,765986.6988424968
109.6407164635082,1,24,4,detached,A,1504393.9654849824
112.65762262705854,5,7,6,detached,C,1042650.3258002582
148.41133807175942,2,0,4,apartment,B,1387742.86323489
113.60602904541939,3,19,4,duplex,A,1537142.1306598533
92.67530094128054,3,43,8,detached,C,817886.6971489259
128.92261504865073,3,22,14,studio,B,1189940.4307694042
135.6841146677392,2,31,2,detached,B,1344981.2851721032
63.171765545890224,2,10,12,apartment,A,697638.5704518048
117.92200209549574,3,38,5,duplex,D,735605.3969055095
121.03518226932695,4,46,0,apartment,E,287844.05723787774
91.07309489920024,4,23,9,studio,A,1131340.1060049443
141.2712043993486,2,10,4,detached,B,1628496.640221009
95.4983323890242,2,28,7,detached,B,1018269.4124419254
103.76729360414626,4,25,4,apartment,A,1282280.3822258117
94.80784527148391,3,15,8,apartment,D,422316.1480247606
100.46737142744402,4,34,10,studio,E,425270.64268899284
67.11174739314394,2,19,5,duplex,C,589001.8484619312
56.79847352217117,3,45,7,studio,A,733321.5278829739
147.83515189674915,3,2,9,duplex,E,530728.0146104315
74.59115955045016,3,0,7,detached,E,331940.11279612186
70.25822951631079,3,46,12,duplex,B,706825.4192812842
35.39829659188855,1,0,2,duplex,C,223903.8382333253
80.83114756931494,3,16,6,detached,A,1200086.5830317868
60.30730619777505,2,1,13,detached,B,644072.6863178612
149.26045480409107,3,28,6,detached,B,1600842.905455282
130.294512680279,5,19,13,studio,D,715916.4013734068
79.35548964466828,2,5,9,detached,E,316992.40837644774
167.57307416032927,4,7,11,apartment,A,2066652.2533910635
129.45296460974782,2,28,5,detached,A,1788723.419010043
90.25505849474132,3,47,11,detached,A,1265994.287001306
25.01782855379281,5,32,6,detached,B,480578.0100549079
168.72827717772225,2,2,13,duplex,D,989025.8737765693
58.31282599709212,1,34,1,studio,C,520492.677824621
50.63803759129325,3,4,8,detached,B,567398.5683694759
130.6771129602892,1,26,9,studio,C,886286.8922537983
173.19257219017817,3,43,9,apartment,D,830753.008032117
141.52818455531553,4,11,0,apartment,E,559246.1134970746
116.91727360157078,3,19,0,detached,A,1603274.1303442216
117.84263024995857,2,44,2,apartment,C,913376.4496190444
125.60246676340924,3,19,13,studio,B,1110112.7843321683
122.76785769360296,3,8,14,duplex,C,1029245.4976723642
108.43574271908128,1,38,2,detached,E,272702.93820714805
103.12603311855628,3,3,0,apartment,A,1253914.612343142
98.12220616301433,3,18,11,studio,C,718959.5196134164
77.38106233399971,3,37,6,studio,E,223768.63621682476
91.57974769399678,2,26,3,apartment,B,822751.399154273
49.21129557413843,3,44,9,studio,D,255829.22259174907
97.0498111961575,1,42,12,studio,B,892794.9782669207
70.34226678547248,2,12,1,detached,A,882485.692190183
66.89232048352687,4,12,9,studio,B,627884.8979503387
105.39682453460435,3,21,4,apartment,B,1040803.238199987
141.760068590338,1,27,5,detached,B,1479815.706075828
127.54949818006939,2,46,8,apartment,B,1208509.7967269751
52.88498189130469,2,44,3,duplex,A,733821.2287038562
70.31115590288988,2,21,1,apartment,E,166257.7123581791
128.22313563964647,2,42,4,apartment,C,929606.8080335042
70.52537819385071,1,18,2,detached,D,400180.5646192797
93.26100550008925,3,7,1,studio,C,802730.1050902744
116.50156297073656,3,7,11,apartment,C,892119.1699198764
70.94966635409094,3,41,0,detached,D,456553.95191990293
103.16126518437879,3,25,9,duplex,A,1425449.9136008658
59.97923515245387,1,47,1,detached,D,341297.8792099409
81.9589706814636,5,25,5,detached,A,1230748.8517915013
109.59345802427612,4,22,7,studio,C,802839.537700087
52.210187994049924,4,42,12,apartment,A,692295.900279599
113.21424213881197,4,12,2,duplex,E,480430.3330717143
99.41086603219956,4,27,10,detached,D,678103.8831367517
116.57469863251444,3,8,14,apartment,E,432679.93687771895
106.71742402193985,2,19,8,apartment,C,832925.1504611825
140.92421289921532,3,18,14,detached,D,902108.8303356842
103.75673507943722,3,47,11,apartment,C,774223.0412610992
87.11783376624241,3,38,8,detached,E,267523.4865103512
103.66892509096851,3,11,1,detached,C,817046.4308408422
116.29894087109165,1,14,7,detached,D,648262.1898457094
101.46580210977113,2,30,9,duplex,D,565899.5959061271
101.21775073611647,4,13,10,detached,C,946227.9699859006
78.94024936579734,3,10,11,studio,D,290715.9025392099
80.11297247347156,3,25,4,apartment,D,376404.549230203
57.921841846009194,2,41,3,duplex,C,435737.136491029
152.48730229560817,2,26,9,apartment,E,414619.0254551901
62.68410293826145,4,10,4,duplex,D,365357.19924192474
79.21284406612278,3,37,3,studio,D,392606.1155363421
78.44778203292408,3,33,7,duplex,D,410021.507977369
126.84773130833324,3,42,3,duplex,D,679941.305825059
91.15150965123917,3,18,12,duplex,C,804128.2524992642
137.432262180212,2,5,9,apartment,E,460512.703548735
79.79528127268395,3,45,11,detached,E,333615.88762785983
108.36982486671405,3,37,12,apartment,A,1320231.7605276708
74.93958840220728,3,48,13,detached,D,499857.8939462799
164.35447383320167,3,41,5,apartment,D,883662.2850646476
64.37204742911462,4,27,1,studio,A,848891.4648713935
109.29462130681082,1,0,4,studio,E,295175.66116332693
119.01330642796296,4,34,5,duplex,B,1203429.8762173394
112.41397292354495,2,39,4,studio,B,1065132.261248523
94.44137023366875,3,7,11,duplex,E,325969.8346985592
96.10537900799721,1,46,1,detached,D,461729.7224827612
101.31434415937329,2,6,13,studio,B,902028.1936961607
95.58993995114534,3,10,6,detached,C,887719.3007176758
128.9163735038473,1,38,3,apartment,C,856662.7813073512
166.31569004774053,3,3,7,detached,A,2355814.262258154
83.27524644976499,4,24,6,apartment,E,267041.34308072255
58.905910612627665,2,11,6,detached,E,258071.6693378337
97.35153854946236,3,25,8,detached,B,1066053.3835220863
177.39128012962954,3,37,0,studio,D,833897.1635898795
75.88976296090807,3,45,9,detached,E,295346.2815694319
149.17350416332204,2,11,5,studio,B,1272932.19310497
150.3310244222932,2,42,5,studio,B,1324275.8299291935
83.39235274876016,2,36,5,duplex,E,276823.0682392897
117.06949237555827,1,45,12,duplex,B,1226581.2702911517
148.85189869385613,2,23,11,apartment,A,1810618.4075812323
88.62616777037539,3,15,5,detached,A,1222061.8108680279
93.89258919692915,4,12,11,apartment,E,319817.2624649574
82.54957258154069,4,24,9,detached,D,576069.881065984
69.557298079214,3,3,6,duplex,A,922830.4925586263
80.52167364801979,2,10,13,duplex,A,1134235.0170539357
63.2817919971323,2,31,9,detached,E,197344.61848773662
101.02250404777678,2,48,5,detached,C,762865.1998089971
76.90080306824075,2,6,0,duplex,B,755467.8023304448
107.01357735372243,3,45,2,duplex,A,1351015.0008647325
53.32313061389118,3,10,1,apartment,C,299633.06523969024
109.92640696643372,2,27,5,duplex,D,607618.4688493425
125.00586884826774,2,40,7,detached,C,1002932.3503113772
40.187930722856336,4,22,2,apartment,E,182386.8813954023
111.22169709542716,3,44,9,detached,D,655851.0490624274
136.83006977419876,2,22,7,studio,D,809613.005076285
63.710769439263835,4,49,7,apartment,C,489895.8532384817
150.1771716051311,5,27,4,detached,E,525763.099231872
112.57057028098136,2,42,7,duplex,A,1428835.784923825
78.84964432724773,2,46,5,studio,C,548962.7437581705
98.32692767026882,3,25,4,detached,A,1366765.2709717858
116.74980737565167,4,24,8,apartment,C,803824.6567713885
102.28016174237234,4,28,13,detached,A,1461423.827913095
116.16267977339108,2,18,6,studio,C,821927.5469446204
72.379792207619,2,32,7,apartment,D,445683.64771293075
105.08082472108234,3,35,0,studio,B,922422.9371336362
57.588565092850594,3,13,10,detached,D,348772.8589884823
96.66321815953899,2,13,1,duplex,A,1370435.299160696
72.8827707560563,4,34,7,duplex,E,304242.45389151626
77.934101722307,3,29,11,detached,D,431348.34852729616
137.08279525631312,4,27,8,detached,B,1436545.321677295
132.73930361782806,4,16,3,detached,A,1830894.452174294
118.27414362721531,3,2,11,apartment,D,634234.3495197596
67.23061705982263,3,15,9,studio,C,554672.318660542
90.50774650915594,3,45,10,studio,E,370568.3033090841
136.3929309993755,2,29,9,studio,A,1567901.085445767
104.25150740919715,3,28,13,detached,D,672802.02945205
169.5798861994508,2,44,8,studio,A,2041174.2742834373
111.79953518183116,3,14,3,detached,C,924839.7399719033
105.76147349470095,2,45,9,apartment,B,928486.3594583427
90.72650607392495,2,24,9,duplex,D,411749.1916118516
104.00622714346846,2,37,9,detached,A,1468910.8660332772
95.42590490858369,1,41,8,detached,A,1227359.6489462876
121.24326030065771,3,46,10,duplex,A,1581701.2452157966
128.70106950383752,3,37,6,duplex,B,1318689.8198156564
76.42031618476152,3,22,1,apartment,A,855212.015694683
60.063011393266656,2,24,8,studio,E,122149.33703906497
44.913838806901104,1,41,3,detached,E,192310.8768409858
115.23973980737631,1,6,7,studio,A,1385979.8216671522
66.89900181478379,2,21,13,detached,E,208616.48790478538
35.41328221142551,4,16,6,apartment,D,235366.21877230305
111.65735813592892,2,17,12,duplex,E,414593.0987240523
174.78998552298373,2,48,14,apartment,A,2149718.2208376885
99.8178726538032,2,40,6,duplex,C,712975.8606662953
125.15472323354925,2,9,7,studio,D,590031.7080221374
102.45488075642695,3,9,0,studio,B,988011.0917417788
97.03331040426572,3,6,4,apartment,A,1233420.3532761938
127.57229448963305,2,47,1,duplex,B,1191917.2663588617
91.29176367434046,1,49,1,apartment,C,565176.8119459434
108.02176942215709,2,37,14,duplex,B,1061378.1522362826
109.6509341858804,2,26,0,duplex,A,1456271.143475147
79.95728639070853,2,32,4,studio,A,966083.930553729
129.7612704860957,5,0,1,studio,C,920362.703068548
94.75120729913775,3,43,3,duplex,A,1273157.3248737927
77.32764521521466,3,33,2,duplex,C,585404.3334136307
116.09529530711211,3,3,2,duplex,C,877967.8925352469
73.04596054626889,3,16,1,studio,A,908001.7241346582
100.84543472107384,3,3,12,studio,E,335386.6226788374
99.7264301006739,3,42,5,detached,C,864732.4242232237
132.57686697494734,3,25,1,duplex,A,1737216.2257061321
114.24094698639858,2,3,13,detached,E,427164.78895200405
99.24919123764569,3,0,13,duplex,C,729785.0131084424
124.53298897600861,3,6,7,studio,E,396856.18306739966
141.7062264705194,4,29,7,detached,D,890319.6939552692
116.73430919055586,3,49,12,detached,D,716448.3392016528
100.31057859530142,3,8,13,apartment,E,364673.4255843364
60.644913029495214,2,34,11,duplex,C,510484.6201896298
68.04659010773882,3,7,4,studio,A,830769.5896002429
90.84325886935997,2,23,9,apartment,B,850875.6017453879
81.71463393522151,2,18,6,apartment,A,1085012.8453497393
94.39086091043661,2,35,3,duplex,B,913862.8905330312
101.69949774691321,3,49,0,apartment,B,999805.3805171205
115.89078263070192,2,42,10,duplex,C,935082.6740334899
97.88503665822726,2,26,1,apartment,E,287338.9383575394
114.59504931478605,4,31,9,duplex,A,1552460.8758962958
101.9342324443036,2,13,9,studio,E,325222.81531627174
40.736003009383865,3,17,3,duplex,D,299706.2662531913
71.81993818543737,3,27,0,duplex,C,602295.2556045435
95.67737332835154,1,28,14,detached,C,730352.9754323207
63.709157714766775,3,15,12,studio,D,246943.13848572748
117.99786189988613,1,34,7,studio,A,1432583.0407445745
145.92252497031092,3,46,8,studio,D,649987.73859937
136.5628555509195,3,30,3,apartment,A,1595455.281263529
93.59671387209376,3,3,9,detached,B,992877.1288410863
144.72178410549856,3,36,2,studio,C,974348.5587550378
104.46002371606335,2,16,1,apartment,A,1281396.705982935
89.88742086645883,1,38,4,apartment,E,235852.85261851337
81.5979200937718,3,47,13,apartment,E,300555.30930243817
90.92590940535615,3,45,2,detached,C,671692.6940520833
88.35469544376313,4,25,9,apartment,D,456178.5914094757
105.11248667126463,4,47,6,detached,D,646581.767226233
104.81721943149594,4,38,10,duplex,A,1430823.7030210441
100.09138060460243,3,40,5,apartment,D,555158.7232968484
113.1081450923905,2,3,0,studio,C,764527.5866270562
135.71938824359023,3,29,11,apartment,A,1630732.1446729328
128.4866240632397,3,29,7,duplex,B,1325435.0612700914
55.453060946502895,2,21,1,duplex,D,205513.79823791544
23.382365952941356,4,10,4,apartment,D,191158.59235932142
128.02959733717822,4,1,8,duplex,A,1793638.115635499
58.993639047537364,3,43,7,detached,E,158120.0185800919
93.2570379432195,1,11,1,detached,D,514151.8207592614
64.89660921821921,2,29,8,apartment,C,534409.2553528919
45.94058687259941,4,35,4,detached,D,346024.789404004
116.24388184614364,4,17,9,detached,B,1284697.79075613
122.77465480907941,2,25,13,studio,D,670921.2398016214
82.70468797819842,1,6,5,apartment,E,335341.3198152204
22.26873123565271,4,0,12,duplex,D,189404.7252870085
83.61266655242551,2,25,2,apartment,A,990492.5484180049
111.75412016207639,3,22,12,detached,D,725363.1114806357
55.63265293677614,5,25,2,studio,E,225025.30201285292
105.50079759337467,1,44,9,apartment,A,1197608.6382195489
99.54070452481014,3,5,7,apartment,C,707281.6190243089
117.37874498803265,1,5,10,detached,A,1632568.1599377696
103.5874110524246,2,43,9,detached,B,1047924.9142720505
70.80793177355334,4,7,9,apartment,A,887446.4189112443
135.89714504993475,3,23,14,detached,C,1075381.2269197146
95.2441128091909,5,21,11,detached,D,699346.9744629882
99.18086381470205,3,18,1,detached,A,1387214.5846585147
72.00196122780412,2,36,10,detached,A,960351.5164129348
86.70153246425468,2,17,11,detached,A,1179450.007676434
73.45591857919297,2,30,11,studio,A,926597.3216984229
94.81161820229731,2,36,1,detached,C,794193.4554536515
151.35125440427032,1,29,12,duplex,E,458416.40432694845
58.84296571205931,2,41,4,apartment,E,177644.54903494893
51.593158063697764,3,32,5,studio,A,656953.1179569974
144.13510982480824,3,9,11,studio,C,1009241.7341483774
93.72028968544402,3,36,1,detached,C,702717.1925983246
79.92781784020251,3,11,14,apartment,A,1019385.6850539923
131.19714062188228,1,29,4,duplex,B,1250464.983956721
81.83153380789408,2,26,6,detached,A,1159342.5840681342
154.78029140640808,3,38,9,apartment,B,1430073.9547700498
120.33777614017808,3,8,9,detached,A,1704850.9257972331
85.36265775562892,1,20,7,detached,B,850697.1503312758
164.7192463979651,4,11,11,detached,B,1735822.7890931475
81.82855230989985,3,28,6,detached,A,1102213.1516248067
122.26286116027921,3,32,7,detached,B,1262283.2152894353
108.97877741219476,1,42,13,detached,D,630918.7206976293
139.05223868196396,3,14,11,detached,E,587571.5105589753
146.84533590180558,3,1,8,duplex,C,1236714.053556019
100.960124471973,3,38,14,studio,B,936912.2710565011
77.3974638896145,3,43,4,duplex,B,856449.5955412654
113.7991642881735,4,17,12,detached,C,959967.3911267576
79.66853890743681,3,2,4,detached,B,804867.0435662174
160.4016174257987,2,6,10,duplex,C,1349836.1751391639
104.09605993248212,3,42,9,duplex,A,1421608.4054316024
89.04035346063674,3,17,3,studio,D,399970.2297761877
105.54040917594725,3,43,12,duplex,D,678774.6793995779
59.58621131410911,2,37,8,studio,E,143087.50968688814
70.85157884468046,2,36,4,detached,B,709319.728156186
136.01241723833277,4,32,13,apartment,E,503106.4086691586
80.29317163085813,3,43,1,apartment,A,1050103.415253132
68.59267051954181,4,30,14,apartment,D,337926.4011756459
116.09958257581859,3,10,9,apartment,A,1501744.529011162
135.57112463988992,3,3,7,detached,A,1958868.3598509529
121.568599319952,3,17,14,apartment,B,1085629.953282636
129.8814305741745,4,3,6,duplex,A,1766489.570364928
77.29614734291619,3,48,7,duplex,D,518535.60521471687
57.34567999774469,3,33,11,apartment,E,117508.95986281939
145.0400095586646,2,28,2,duplex,D,873355.7713672662
90.31960483473593,3,23,14,studio,B,883696.7999044496
92.47500950634858,3,21,14,detached,D,591113.3427750393
139.84582425547174,2,1,3,apartment,C,1005005.5542168525
116.68690028201979,2,43,4,apartment,E,447067.59996918327
113.67663316244823,2,5,5,detached,C,1041118.0769929533
164.95007034703252,2,41,0,duplex,C,1238804.0541712677
80.69445308859571,2,24,3,detached,B,874997.8288285489
127.83520384243711,3,20,10,detached,A,1892344.6378845235
101.71039374691253,4,15,11,duplex,C,801667.802801226
108.05776836589772,3,30,9,detached,D,662239.1468195056
145.85405279237597,2,13,12,duplex,A,1990317.2689734874
115.23507268868872,1,38,4,duplex,D,512148.2295407345
116.14888237148898,3,27,6,detached,D,739758.8350709561
132.17522011929407,2,31,12,studio,A,1536181.040261009
89.05141811371344,4,27,4,duplex,A,1236245.287348801
74.8237099798298,3,48,12,detached,D,505853.5749286122
68.65572417936899,3,8,12,duplex,B,599832.6345787565
41.009302318719946,2,44,0,studio,E,160320.85134335468
161.68621389820967,3,21,10,studio,E,616475.0909261707
66.90374902834951,2,31,6,apartment,B,579968.6912718525
93.36239129242684,4,4,7,duplex,A,1325018.0723992407
91.69560100333238,3,22,12,duplex,D,602990.1220532976
109.22220093427302,2,4,6,detached,E,317869.3408127432
124.4721163761789,2,41,10,duplex,D,721915.1279956717
125.81420465079236,2,31,13,apartment,B,1188016.1534870204
82.50767684293184,3,9,12,studio,D,479969.39521149755
94.98634858640766,2,38,14,studio,B,860208.271887925
108.477398514649,3,14,3,apartment,A,1284708.1430854816
92.5392662144936,2,6,7,duplex,B,1004409.9032002989
148.2203672805998,3,28,14,duplex,B,1497706.814339521
114.72924854914754,4,46,4,apartment,E,335993.72501626285
122.04633358149452,3,2,9,detached,D,730715.126572865
119.88643806002239,3,18,8,studio,E,409078.588746801
135.20421572455973,2,9,11,apartment,C,883870.2622277077
105.4306467611112,1,27,11,apartment,B,936272.3384792067
61.09504156132461,3,28,9,duplex,C,478187.95916930004
111.99063855257924,2,14,4,studio,E,415773.23972603714
80.45929318624513,3,34,0,duplex,D,374081.5826599619
84.1414995475073,1,5,11,apartment,E,296862.3807676461
117.5909205626528,2,11,8,detached,D,763677.5345153793
137.14849214300907,1,46,11,studio,D,570888.0288576522
100.63814730208185,4,37,4,apartment,A,1163298.6433346283
109.26499037796891,2,12,5,apartment,B,1086679.9157300442
151.06644833905713,3,28,3,detached,E,505860.64433960046
107.22259538465705,1,18,5,apartment,D,681854.4329477078
178.05049342541184,3,2,11,apartment,E,482859.4785002272
116.96528936894633,2,7,7,studio,E,375898.23835619504
47.17711722532547,4,7,2,studio,D,291215.89926399145
122.60024863313598,4,19,4,studio,C,898291.952053704
111.43475154648334,2,46,1,duplex,B,1123052.1583454744
138.69258262248238,4,3,13,detached,B,1528775.5513791458
120.19544053809875,5,20,1,studio,A,1503962.3373257297
95.84632048048678,4,2,12,duplex,A,1279362.7331510622
63.271052911319025,4,44,6,duplex,A,929365.9166414802
93.72930228141924,2,7,9,detached,B,1020475.911766831
74.484386373721,3,22,12,detached,C,638678.4948392577
82.58429650585832,1,15,9,apartment,B,765577.0426735928
117.65735213261829,1,12,13,duplex,B,1196654.8586174778
150.0971351305422,5,2,10,studio,B,1391787.6140008138
111.84014589468943,2,47,9,detached,B,1181554.5286841257
64.12350813894447,3,8,5,duplex,C,505699.22639395535
113.33808004660422,4,13,3,studio,A,1453658.6283885906
135.89894459936954,4,12,4,duplex,E,498246.53785675793
81.70651287041854,5,6,0,detached,A,1246685.8562958615
95.97948499981247,2,14,6,apartment,A,1143064.0550122736
100.4406458418759,1,6,7,duplex,E,361339.2530750742
76.4530506075328,3,37,8,studio,B,660638.9940119948
119.44841301531577,2,33,7,detached,C,967393.1687664648
96.37155554176655,1,40,4,apartment,C,703632.5145478626
112.58597331721083,2,21,2,studio,A,1383891.9126688263
73.375234665937,3,23,9,studio,E,258227.1406702716
86.87625099029769,3,48,10,studio,D,540559.3219340204
121.67144073483314,2,36,8,duplex,B,1257929.1066992944
88.815005437247,3,43,14,detached,A,1289699.0724966647
151.80891553700215,2,0,5,studio,C,1115563.7977048403
88.01091443156193,1,9,14,duplex,E,324620.86123648763
106.74054177255658,3,42,4,detached,E,472959.96964292845
127.9777249561927,3,15,12,detached,A,1782584.1700094095
57.44902801200905,3,45,2,duplex,D,385689.8523298119
47.175735640576725,1,7,5,duplex,C,377227.55887117964
54.23031056289716,4,48,2,studio,A,667607.8498980663
137.87752310281547,3,24,9,detached,D,820009.5026891249
83.4442556232266,3,49,11,apartment,E,276790.50094699697
176.74597857004755,3,11,5,duplex,B,1744738.18446
83.07257204027835,4,24,3,detached,C,767134.843699263
105.53653909591111,3,16,14,detached,C,881226.5685176324
146.26329857703627,3,25,1,studio,D,763062.950997315
160.18278664477367,5,45,7,apartment,A,2047553.5672336745
161.84510729909192,3,47,3,studio,E,508522.7321586159
136.25098691779428,3,13,8,apartment,D,792388.3568100267
130.72187577434386,3,40,6,apartment,B,1170256.1565243376
117.7758084760355,2,35,11,duplex,B,1113877.0119730188
